"make","model","colour","capacity","network","grade","condition","count"
"ACCESSORIZE","UNIVERSAL 10 INCH TABLET FOLIO CASE - BIRDS BLACK","Multicolour","Not Applicable","Not Applicable","Brand New","Brand New",1
"ACCESSORIZE","UNIVERSAL 10 INCH TABLET FOLIO CASE - BIRDS BLACK","Multicolour","Not Applicable","Not Applicable","Brand New","Brand New",2
"ACCESSORIZE","UNIVERSAL 10 INCH TABLET FOLIO CASE - BIRDS BLACK","Multicolour","Not Applicable","Not Applicable","Brand New","Brand New",3
"ACCESSORIZE","UNIVERSAL 10 INCH TABLET FOLIO CASE - BIRDS BLACK","Multicolour","Not Applicable","Not Applicable","Brand New","Brand New",4
"ACCESSORIZE","UNIVERSAL 10 INCH TABLET FOLIO CASE - BIRDS BLACK","Multicolour","Not Applicable","Not Applicable","Brand New","Brand New",5
"ACCESSORIZE","UNIVERSAL 10 INCH TABLET FOLIO CASE - BIRDS BLACK","Multicolour","Not Applicable","Not Applicable","Brand New","Brand New",6
"ACCESSORIZE","UNIVERSAL 10 INCH TABLET FOLIO CASE - BIRDS BLACK","Multicolour","Not Applicable","Not Applicable","Brand New","Brand New",7
"ACCESSORIZE","UNIVERSAL 10 INCH TABLET FOLIO CASE - BIRDS BLACK","Multicolour","Not Applicable","Not Applicable","Brand New","Brand New",8
"ACCESSORIZE","UNIVERSAL 10 INCH TABLET FOLIO CASE - BIRDS BLACK","Multicolour","Not Applicable","Not Applicable","Brand New","Brand New",9
"ACCESSORIZE","UNIVERSAL 10 INCH TABLET FOLIO CASE - BIRDS BLACK","Multicolour","Not Applicable","Not Applicable","Brand New","Brand New",10
"ACCESSORIZE","UNIVERSAL 10 INCH TABLET FOLIO CASE - BIRDS BLACK","Multicolour","Not Applicable","Not Applicable","Brand New","Brand New",11
"ACCESSORIZE","UNIVERSAL 10 INCH TABLET FOLIO CASE - BIRDS BLACK","Multicolour","Not Applicable","Not Applicable","Brand New","Brand New",12
"ACCESSORIZE","UNIVERSAL 10 INCH TABLET FOLIO CASE - BIRDS BLACK","Multicolour","Not Applicable","Not Applicable","Brand New","Brand New",13
"ACCESSORIZE","UNIVERSAL 10 INCH TABLET FOLIO CASE - BIRDS BLACK","Multicolour","Not Applicable","Not Applicable","Brand New","Brand New",14
"ACCESSORIZE","UNIVERSAL 10 INCH TABLET FOLIO CASE - BIRDS BLACK","Multicolour","Not Applicable","Not Applicable","Brand New","Brand New",15
"ACCESSORIZE","UNIVERSAL 10 INCH TABLET FOLIO CASE - BIRDS BLACK","Multicolour","Not Applicable","Not Applicable","Brand New","Brand New",16
"ACCESSORIZE","UNIVERSAL 10 INCH TABLET FOLIO CASE - BIRDS BLACK","Multicolour","Not Applicable","Not Applicable","Brand New","Brand New",17
"ACCESSORIZE","UNIVERSAL 10 INCH TABLET FOLIO CASE - BIRDS BLACK","Multicolour","Not Applicable","Not Applicable","Brand New","Brand New",18
"ACCESSORIZE","UNIVERSAL 10 INCH TABLET FOLIO CASE - BIRDS BLACK","Multicolour","Not Applicable","Not Applicable","Brand New","Brand New",19
"ACCESSORIZE","UNIVERSAL 10 INCH TABLET FOLIO CASE - BIRDS BLACK","Multicolour","Not Applicable","Not Applicable","Brand New","Brand New",20
"ACCESSORIZE","UNIVERSAL 10 INCH TABLET FOLIO CASE - BIRDS BLACK","Multicolour","Not Applicable","Not Applicable","Brand New","Brand New",21
"ACCESSORIZE","UNIVERSAL 10 INCH TABLET FOLIO CASE - BIRDS BLACK","Multicolour","Not Applicable","Not Applicable","Brand New","Brand New",22
"ACCESSORIZE","UNIVERSAL 10 INCH TABLET FOLIO CASE - ROSE NAVY","Multicolour","Not Applicable","Not Applicable","Brand New","Brand New",23
"ACCESSORIZE","UNIVERSAL 10 INCH TABLET FOLIO CASE - ROSE NAVY","Multicolour","Not Applicable","Not Applicable","Brand New","Brand New",24
"ACCESSORIZE","UNIVERSAL 10 INCH TABLET FOLIO CASE - ROSE NAVY","Multicolour","Not Applicable","Not Applicable","Brand New","Brand New",25
"ACCESSORIZE","UNIVERSAL 10 INCH TABLET FOLIO CASE - ROSE NAVY","Multicolour","Not Applicable","Not Applicable","Brand New","Brand New",26
"ACCESSORIZE","UNIVERSAL 10 INCH TABLET FOLIO CASE - ROSE NAVY","Multicolour","Not Applicable","Not Applicable","Brand New","Brand New",27
"ACCESSORIZE","UNIVERSAL 10 INCH TABLET FOLIO CASE - ROSE NAVY","Multicolour","Not Applicable","Not Applicable","Brand New","Brand New",28
"ACCESSORIZE","UNIVERSAL 10 INCH TABLET FOLIO CASE - ROSE NAVY","Multicolour","Not Applicable","Not Applicable","Brand New","Brand New",29
"ACCESSORIZE","UNIVERSAL 10 INCH TABLET FOLIO CASE - ROSE NAVY","Multicolour","Not Applicable","Not Applicable","Brand New","Brand New",30
"ACCESSORIZE","UNIVERSAL 10 INCH TABLET FOLIO CASE - ROSE NAVY","Multicolour","Not Applicable","Not Applicable","Brand New","Brand New",31
"ACCESSORIZE","UNIVERSAL 10 INCH TABLET FOLIO CASE - ROSE NAVY","Multicolour","Not Applicable","Not Applicable","Brand New","Brand New",32
"ACCESSORIZE","UNIVERSAL 10 INCH TABLET FOLIO CASE - ROSE NAVY","Multicolour","Not Applicable","Not Applicable","Brand New","Brand New",33
"ACCESSORIZE","UNIVERSAL 10 INCH TABLET FOLIO CASE - ROSE NAVY","Multicolour","Not Applicable","Not Applicable","Brand New","Brand New",34
"ACCESSORIZE","UNIVERSAL 10 INCH TABLET FOLIO CASE - ROSE NAVY","Multicolour","Not Applicable","Not Applicable","Brand New","Brand New",35
"ACCESSORIZE","UNIVERSAL 10 INCH TABLET FOLIO CASE - ROSE NAVY","Multicolour","Not Applicable","Not Applicable","Brand New","Brand New",36
"ACCESSORIZE","UNIVERSAL 10 INCH TABLET FOLIO CASE - ROSE NAVY","Multicolour","Not Applicable","Not Applicable","Brand New","Brand New",37
"ACCESSORIZE","UNIVERSAL 10 INCH TABLET FOLIO CASE - ROSE NAVY","Multicolour","Not Applicable","Not Applicable","Brand New","Brand New",38
"ACCESSORIZE","UNIVERSAL 10 INCH TABLET FOLIO CASE - ROSE NAVY","Multicolour","Not Applicable","Not Applicable","Brand New","Brand New",39
"ACCESSORIZE","UNIVERSAL 10 INCH TABLET FOLIO CASE - ROSE NAVY","Multicolour","Not Applicable","Not Applicable","Brand New","Brand New",40
"ACCESSORIZE","UNIVERSAL 10 INCH TABLET FOLIO CASE - ROSE NAVY","Multicolour","Not Applicable","Not Applicable","Brand New","Brand New",41
"ACCESSORIZE","UNIVERSAL 10 INCH TABLET FOLIO CASE - ROSE NAVY","Multicolour","Not Applicable","Not Applicable","Brand New","Brand New",42
"ACCESSORIZE","UNIVERSAL 10 INCH TABLET FOLIO CASE - ROSE NAVY","Multicolour","Not Applicable","Not Applicable","Brand New","Brand New",43
"ACCESSORIZE","UNIVERSAL 10 INCH TABLET FOLIO CASE - ROSE NAVY","Multicolour","Not Applicable","Not Applicable","Brand New","Brand New",44
"ACCESSORIZE","UNIVERSAL 10 INCH TABLET FOLIO CASE - ROSE NAVY","Multicolour","Not Applicable","Not Applicable","Brand New","Brand New",45
"ACCESSORIZE","UNIVERSAL 10 INCH TABLET FOLIO CASE - ROSE NAVY","Multicolour","Not Applicable","Not Applicable","Brand New","Brand New",46
"ACCESSORIZE","UNIVERSAL 10 INCH TABLET FOLIO CASE - ROSE NAVY","Multicolour","Not Applicable","Not Applicable","Brand New","Brand New",47
"ACCESSORIZE","UNIVERSAL 10 INCH TABLET FOLIO CASE - ROSE NAVY","Multicolour","Not Applicable","Not Applicable","Brand New","Brand New",48
"ACCESSORIZE","UNIVERSAL 10 INCH TABLET FOLIO CASE - ROSE NAVY","Multicolour","Not Applicable","Not Applicable","Brand New","Brand New",49
"ACCESSORIZE","UNIVERSAL 10 INCH TABLET FOLIO CASE - ROSE NAVY","Multicolour","Not Applicable","Not Applicable","Brand New","Brand New",50
"ACCESSORIZE","UNIVERSAL 10 INCH TABLET FOLIO CASE - ROSE NAVY","Multicolour","Not Applicable","Not Applicable","Brand New","Brand New",51
"ACCESSORIZE","UNIVERSAL 10 INCH TABLET FOLIO CASE - ROSE NAVY","Multicolour","Not Applicable","Not Applicable","Brand New","Brand New",52
"ACCESSORIZE","UNIVERSAL 10 INCH TABLET FOLIO CASE - ROSE NAVY","Multicolour","Not Applicable","Not Applicable","Brand New","Brand New",53
"ACCESSORIZE","UNIVERSAL 10 INCH TABLET FOLIO CASE - ROSE NAVY","Multicolour","Not Applicable","Not Applicable","Brand New","Brand New",54
"ACCESSORIZE","UNIVERSAL 10 INCH TABLET FOLIO CASE - ROSE NAVY","Multicolour","Not Applicable","Not Applicable","Brand New","Brand New",55
"ACCESSORIZE","UNIVERSAL 10 INCH TABLET FOLIO CASE - ROSE NAVY","Multicolour","Not Applicable","Not Applicable","Brand New","Brand New",56
"ACCESSORIZE","UNIVERSAL 10 INCH TABLET FOLIO CASE - ROSE NAVY","Multicolour","Not Applicable","Not Applicable","Brand New","Brand New",57
"ACCESSORIZE","UNIVERSAL 10 INCH TABLET FOLIO CASE - ROSE NAVY","Multicolour","Not Applicable","Not Applicable","Brand New","Brand New",58
"ACCESSORIZE","UNIVERSAL 10 INCH TABLET FOLIO CASE - ROSE NAVY","Multicolour","Not Applicable","Not Applicable","Brand New","Brand New",59
"ACCESSORIZE","UNIVERSAL 10 INCH TABLET FOLIO CASE - ROSE NAVY","Multicolour","Not Applicable","Not Applicable","Brand New","Brand New",60
"ACCESSORIZE","UNIVERSAL 10 INCH TABLET FOLIO CASE - ROSE NAVY","Multicolour","Not Applicable","Not Applicable","Brand New","Brand New",61
"ACCESSORIZE","UNIVERSAL 10 INCH TABLET FOLIO CASE - ROSE NAVY","Multicolour","Not Applicable","Not Applicable","Brand New","Brand New",62
"ACCESSORIZE","UNIVERSAL 10 INCH TABLET FOLIO CASE - ROSE NAVY","Multicolour","Not Applicable","Not Applicable","Brand New","Brand New",63
"ACCESSORIZE","UNIVERSAL 10 INCH TABLET FOLIO CASE - ROSE NAVY","Multicolour","Not Applicable","Not Applicable","Brand New","Brand New",64
"ACCESSORIZE","UNIVERSAL 10 INCH TABLET FOLIO CASE - ROSE NAVY","Multicolour","Not Applicable","Not Applicable","Brand New","Brand New",65
"ACCESSORIZE","UNIVERSAL 10 INCH TABLET FOLIO CASE - ROSE NAVY","Multicolour","Not Applicable","Not Applicable","Brand New","Brand New",66
"ACCESSORIZE","UNIVERSAL 10 INCH TABLET FOLIO CASE - ROSE NAVY","Multicolour","Not Applicable","Not Applicable","Brand New","Brand New",67
"ACCESSORIZE","UNIVERSAL 10 INCH TABLET FOLIO CASE - ROSE NAVY","Multicolour","Not Applicable","Not Applicable","Brand New","Brand New",68
"ACCESSORIZE","UNIVERSAL 10 INCH TABLET FOLIO CASE - ROSE NAVY","Multicolour","Not Applicable","Not Applicable","Brand New","Brand New",69
"ACCESSORIZE","UNIVERSAL 10 INCH TABLET FOLIO CASE - ROSE NAVY","Multicolour","Not Applicable","Not Applicable","Brand New","Brand New",70
"ACCESSORIZE","UNIVERSAL 10 INCH TABLET FOLIO CASE - ROSE NAVY","Multicolour","Not Applicable","Not Applicable","Brand New","Brand New",71
"ACCESSORIZE","UNIVERSAL 10 INCH TABLET FOLIO CASE - ROSE NAVY","Multicolour","Not Applicable","Not Applicable","Brand New","Brand New",72
"ACCESSORIZE","UNIVERSAL 10 INCH TABLET FOLIO CASE - ROSE NAVY","Multicolour","Not Applicable","Not Applicable","Brand New","Brand New",73
"ACCESSORIZE","UNIVERSAL 10 INCH TABLET FOLIO CASE - ROSE NAVY","Multicolour","Not Applicable","Not Applicable","Brand New","Brand New",74
"ACCESSORIZE","UNIVERSAL 10 INCH TABLET FOLIO CASE - ROSE NAVY","Multicolour","Not Applicable","Not Applicable","Brand New","Brand New",75
"ACCESSORIZE","UNIVERSAL 10 INCH TABLET FOLIO CASE - ROSE NAVY","Multicolour","Not Applicable","Not Applicable","Brand New","Brand New",76
"ACCESSORIZE","UNIVERSAL 10 INCH TABLET FOLIO CASE - ROSE NAVY","Multicolour","Not Applicable","Not Applicable","Brand New","Brand New",77
"ACCESSORIZE","UNIVERSAL 10 INCH TABLET FOLIO CASE - ROSE NAVY","Multicolour","Not Applicable","Not Applicable","Brand New","Brand New",78
"ACCESSORIZE","UNIVERSAL 10 INCH TABLET FOLIO CASE - ROSE NAVY","Multicolour","Not Applicable","Not Applicable","Brand New","Brand New",79
"ACCESSORIZE","UNIVERSAL 10 INCH TABLET FOLIO CASE - ROSE NAVY","Multicolour","Not Applicable","Not Applicable","Brand New","Brand New",80
"ACCESSORIZE","UNIVERSAL 10 INCH TABLET FOLIO CASE - ROSE NAVY","Multicolour","Not Applicable","Not Applicable","Brand New","Brand New",81
"ACCESSORIZE","UNIVERSAL 10 INCH TABLET FOLIO CASE - ROSE NAVY","Multicolour","Not Applicable","Not Applicable","Brand New","Brand New",82
"ACCESSORIZE","UNIVERSAL 10 INCH TABLET FOLIO CASE - ROSE NAVY","Multicolour","Not Applicable","Not Applicable","Brand New","Brand New",83
"ACCESSORIZE","UNIVERSAL 10 INCH TABLET FOLIO CASE - ROSE NAVY","Multicolour","Not Applicable","Not Applicable","Brand New","Brand New",84
"ACCESSORIZE","UNIVERSAL 10 INCH TABLET FOLIO CASE - ROSE NAVY","Multicolour","Not Applicable","Not Applicable","Brand New","Brand New",85
"ACCESSORIZE","UNIVERSAL 10 INCH TABLET FOLIO CASE - ROSE NAVY","Multicolour","Not Applicable","Not Applicable","Brand New","Brand New",86
"ACCESSORIZE","UNIVERSAL 10 INCH TABLET FOLIO CASE - ROSE NAVY","Multicolour","Not Applicable","Not Applicable","Brand New","Brand New",87
"ACCESSORIZE","UNIVERSAL 10 INCH TABLET FOLIO CASE - ROSE NAVY","Multicolour","Not Applicable","Not Applicable","Brand New","Brand New",88
"ACCESSORIZE","UNIVERSAL 10 INCH TABLET FOLIO CASE - ROSE NAVY","Multicolour","Not Applicable","Not Applicable","Brand New","Brand New",89
"ACCESSORIZE","UNIVERSAL 10 INCH TABLET FOLIO CASE - ROSE NAVY","Multicolour","Not Applicable","Not Applicable","Brand New","Brand New",90
"ACCESSORIZE","UNIVERSAL 10 INCH TABLET FOLIO CASE - ROSE NAVY","Multicolour","Not Applicable","Not Applicable","Brand New","Brand New",91
"ACCESSORIZE","UNIVERSAL 10 INCH TABLET FOLIO CASE - ROSE NAVY","Multicolour","Not Applicable","Not Applicable","Brand New","Brand New",92
"ACCESSORIZE","UNIVERSAL 10 INCH TABLET FOLIO CASE - ROSE NAVY","Multicolour","Not Applicable","Not Applicable","Brand New","Brand New",93
"ACCESSORIZE","UNIVERSAL 10 INCH TABLET FOLIO CASE - ROSE NAVY","Multicolour","Not Applicable","Not Applicable","Brand New","Brand New",94
"ACCESSORIZE","UNIVERSAL 10 INCH TABLET FOLIO CASE - ROSE NAVY","Multicolour","Not Applicable","Not Applicable","Brand New","Brand New",95
"ACCESSORIZE","UNIVERSAL 10 INCH TABLET FOLIO CASE - ROSE NAVY","Multicolour","Not Applicable","Not Applicable","Brand New","Brand New",96
"ACCESSORIZE","UNIVERSAL 10 INCH TABLET FOLIO CASE - ROSE NAVY","Multicolour","Not Applicable","Not Applicable","Brand New","Brand New",97
"ACCESSORIZE","UNIVERSAL 10 INCH TABLET FOLIO CASE - ROSE NAVY","Multicolour","Not Applicable","Not Applicable","Brand New","Brand New",98
"ACCESSORIZE","UNIVERSAL 10 INCH TABLET FOLIO CASE - ROSE NAVY","Multicolour","Not Applicable","Not Applicable","Brand New","Brand New",99
"ACCESSORIZE","UNIVERSAL 10 INCH TABLET FOLIO CASE - ROSE NAVY","Multicolour","Not Applicable","Not Applicable","Brand New","Brand New",100
"ACCESSORIZE","UNIVERSAL 10 INCH TABLET FOLIO CASE - ROSE NAVY","Multicolour","Not Applicable","Not Applicable","Brand New","Brand New",101
"ACCESSORIZE","UNIVERSAL 10 INCH TABLET FOLIO CASE - ROSE NAVY","Multicolour","Not Applicable","Not Applicable","Brand New","Brand New",102
"ACCESSORIZE","UNIVERSAL 10 INCH TABLET FOLIO CASE - ROSE NAVY","Multicolour","Not Applicable","Not Applicable","Brand New","Brand New",103
"ACCESSORIZE","UNIVERSAL 10 INCH TABLET FOLIO CASE - ROSE NAVY","Multicolour","Not Applicable","Not Applicable","Brand New","Brand New",104
"ACCESSORIZE","UNIVERSAL 10 INCH TABLET FOLIO CASE - ROSE NAVY","Multicolour","Not Applicable","Not Applicable","Brand New","Brand New",105
"ACCESSORIZE","UNIVERSAL 10 INCH TABLET FOLIO CASE - ROSE NAVY","Multicolour","Not Applicable","Not Applicable","Brand New","Brand New",106
"ACCESSORIZE","UNIVERSAL 10 INCH TABLET FOLIO CASE - ROSE NAVY","Multicolour","Not Applicable","Not Applicable","Brand New","Brand New",107
"ACCESSORIZE","UNIVERSAL 10 INCH TABLET FOLIO CASE - ROSE NAVY","Multicolour","Not Applicable","Not Applicable","Brand New","Brand New",108
"ACCESSORIZE","UNIVERSAL 10 INCH TABLET FOLIO CASE - ROSE NAVY","Multicolour","Not Applicable","Not Applicable","Brand New","Brand New",109
"ACCESSORIZE","UNIVERSAL 10 INCH TABLET FOLIO CASE - ROSE NAVY","Multicolour","Not Applicable","Not Applicable","Brand New","Brand New",110
"ACCESSORIZE","UNIVERSAL 10 INCH TABLET FOLIO CASE - ROSE NAVY","Multicolour","Not Applicable","Not Applicable","Brand New","Brand New",111
"ACCESSORIZE","UNIVERSAL 10 INCH TABLET FOLIO CASE - ROSE NAVY","Multicolour","Not Applicable","Not Applicable","Brand New","Brand New",112
"ACCESSORIZE","UNIVERSAL 10 INCH TABLET FOLIO CASE - ROSE NAVY","Multicolour","Not Applicable","Not Applicable","Brand New","Brand New",113
"ACCESSORIZE","UNIVERSAL 10 INCH TABLET FOLIO CASE - ROSE NAVY","Multicolour","Not Applicable","Not Applicable","Brand New","Brand New",114
"ACCESSORIZE","UNIVERSAL 10 INCH TABLET FOLIO CASE - ROSE NAVY","Multicolour","Not Applicable","Not Applicable","Brand New","Brand New",115
"ACCESSORIZE","UNIVERSAL 10 INCH TABLET FOLIO CASE - ROSE NAVY","Multicolour","Not Applicable","Not Applicable","Brand New","Brand New",116
"ACCESSORIZE","UNIVERSAL 10 INCH TABLET FOLIO CASE - ROSE NAVY","Multicolour","Not Applicable","Not Applicable","Brand New","Brand New",117
"ACCESSORIZE","UNIVERSAL 10 INCH TABLET FOLIO CASE - ROSE NAVY","Multicolour","Not Applicable","Not Applicable","Brand New","Brand New",118
"ACCESSORIZE","UNIVERSAL 10 INCH TABLET FOLIO CASE - ROSE NAVY","Multicolour","Not Applicable","Not Applicable","Brand New","Brand New",119
"ACCESSORIZE","UNIVERSAL 10 INCH TABLET FOLIO CASE - ROSE NAVY","Multicolour","Not Applicable","Not Applicable","Brand New","Brand New",120
"ACCESSORIZE","UNIVERSAL 10 INCH TABLET FOLIO CASE - ROSE NAVY","Multicolour","Not Applicable","Not Applicable","Brand New","Brand New",121
"ACCESSORIZE","UNIVERSAL 10 INCH TABLET FOLIO CASE - ROSE NAVY","Multicolour","Not Applicable","Not Applicable","Brand New","Brand New",122
"ACCESSORIZE","UNIVERSAL 10 INCH TABLET FOLIO CASE - ROSE NAVY","Multicolour","Not Applicable","Not Applicable","Brand New","Brand New",123
"ACCESSORIZE","UNIVERSAL 10 INCH TABLET FOLIO CASE - ROSE NAVY","Multicolour","Not Applicable","Not Applicable","Brand New","Brand New",124
"ACCESSORIZE","UNIVERSAL 10 INCH TABLET FOLIO CASE - ROSE NAVY","Multicolour","Not Applicable","Not Applicable","Brand New","Brand New",125
"ACCESSORIZE","UNIVERSAL 10 INCH TABLET FOLIO CASE - ROSE NAVY","Multicolour","Not Applicable","Not Applicable","Brand New","Brand New",126
"ACCESSORIZE","UNIVERSAL 10 INCH TABLET FOLIO CASE - ROSE NAVY","Multicolour","Not Applicable","Not Applicable","Brand New","Brand New",127
"ACCESSORIZE","UNIVERSAL 10 INCH TABLET FOLIO CASE - ROSE NAVY","Multicolour","Not Applicable","Not Applicable","Brand New","Brand New",128
"ACCESSORIZE","UNIVERSAL 10 INCH TABLET FOLIO CASE - ROSE NAVY","Multicolour","Not Applicable","Not Applicable","Brand New","Brand New",129
"ACCESSORIZE","UNIVERSAL 10 INCH TABLET FOLIO CASE - ROSE NAVY","Multicolour","Not Applicable","Not Applicable","Brand New","Brand New",130
"ACCESSORIZE","UNIVERSAL 10 INCH TABLET FOLIO CASE - ROSE NAVY","Multicolour","Not Applicable","Not Applicable","Brand New","Brand New",131
"ACCESSORIZE","UNIVERSAL 10 INCH TABLET FOLIO CASE - ROSE NAVY","Multicolour","Not Applicable","Not Applicable","Brand New","Brand New",132
"ACCESSORIZE","UNIVERSAL 10 INCH TABLET FOLIO CASE - ROSE NAVY","Multicolour","Not Applicable","Not Applicable","Brand New","Brand New",133
"ACCESSORIZE","UNIVERSAL 10 INCH TABLET FOLIO CASE - ROSE NAVY","Multicolour","Not Applicable","Not Applicable","Brand New","Brand New",134
"ACCESSORIZE","UNIVERSAL 10 INCH TABLET FOLIO CASE - ROSE NAVY","Multicolour","Not Applicable","Not Applicable","Brand New","Brand New",135
"ACCESSORIZE","UNIVERSAL 10 INCH TABLET FOLIO CASE - ROSE NAVY","Multicolour","Not Applicable","Not Applicable","Brand New","Brand New",136
"ACCESSORIZE","UNIVERSAL 10 INCH TABLET FOLIO CASE - ROSE NAVY","Multicolour","Not Applicable","Not Applicable","Brand New","Brand New",137
"ACCESSORIZE","UNIVERSAL 10 INCH TABLET FOLIO CASE - ROSE NAVY","Multicolour","Not Applicable","Not Applicable","Brand New","Brand New",138
"ACCESSORIZE","UNIVERSAL 10 INCH TABLET FOLIO CASE - ROSE NAVY","Multicolour","Not Applicable","Not Applicable","Brand New","Brand New",139
"ACCESSORIZE","UNIVERSAL 10 INCH TABLET FOLIO CASE - ROSE NAVY","Multicolour","Not Applicable","Not Applicable","Brand New","Brand New",140
"ACCESSORIZE","UNIVERSAL 10 INCH TABLET FOLIO CASE - ROSE NAVY","Multicolour","Not Applicable","Not Applicable","Brand New","Brand New",141
"ACCESSORIZE","UNIVERSAL 10 INCH TABLET FOLIO CASE - ROSE NAVY","Multicolour","Not Applicable","Not Applicable","Brand New","Brand New",142
"ACCESSORIZE","UNIVERSAL 10 INCH TABLET FOLIO CASE - ROSE NAVY","Multicolour","Not Applicable","Not Applicable","Brand New","Brand New",143
"ACCESSORIZE","UNIVERSAL 10 INCH TABLET FOLIO CASE - ROSE NAVY","Multicolour","Not Applicable","Not Applicable","Brand New","Brand New",144
"ACCESSORIZE","UNIVERSAL 10 INCH TABLET FOLIO CASE - ROSE NAVY","Multicolour","Not Applicable","Not Applicable","Brand New","Brand New",145
"ACCESSORIZE","UNIVERSAL 10 INCH TABLET FOLIO CASE - ROSE NAVY","Multicolour","Not Applicable","Not Applicable","Brand New","Brand New",146
"ACCESSORIZE","UNIVERSAL 10 INCH TABLET FOLIO CASE - ROSE NAVY","Multicolour","Not Applicable","Not Applicable","Brand New","Brand New",147
"ACCESSORIZE","UNIVERSAL 10 INCH TABLET FOLIO CASE - ROSE NAVY","Multicolour","Not Applicable","Not Applicable","Brand New","Brand New",148
"ACCESSORIZE","UNIVERSAL 10 INCH TABLET FOLIO CASE - ROSE NAVY","Multicolour","Not Applicable","Not Applicable","Brand New","Brand New",149
"ACCESSORIZE","UNIVERSAL 10 INCH TABLET FOLIO CASE - ROSE NAVY","Multicolour","Not Applicable","Not Applicable","Brand New","Brand New",150
"ACCESSORIZE","UNIVERSAL 10 INCH TABLET FOLIO CASE - ROSE NAVY","Multicolour","Not Applicable","Not Applicable","Brand New","Brand New",151
"ACCESSORIZE","UNIVERSAL 10 INCH TABLET FOLIO CASE - ROSE NAVY","Multicolour","Not Applicable","Not Applicable","Brand New","Brand New",152
"ACCESSORIZE","UNIVERSAL 10 INCH TABLET FOLIO CASE - ROSE NAVY","Multicolour","Not Applicable","Not Applicable","Brand New","Brand New",153
"ACCESSORIZE","UNIVERSAL 10 INCH TABLET FOLIO CASE - ROSE NAVY","Multicolour","Not Applicable","Not Applicable","Brand New","Brand New",154
"ACCESSORIZE","UNIVERSAL 10 INCH TABLET FOLIO CASE - ROSE NAVY","Multicolour","Not Applicable","Not Applicable","Brand New","Brand New",155
"ACCESSORIZE","UNIVERSAL 10 INCH TABLET FOLIO CASE - ROSE NAVY","Multicolour","Not Applicable","Not Applicable","Brand New","Brand New",156
"ACCESSORIZE","UNIVERSAL 10 INCH TABLET FOLIO CASE - ROSE NAVY","Multicolour","Not Applicable","Not Applicable","Brand New","Brand New",157
"ACCESSORIZE","UNIVERSAL 10 INCH TABLET FOLIO CASE - ROSE NAVY","Multicolour","Not Applicable","Not Applicable","Brand New","Brand New",158
"ACCESSORIZE","UNIVERSAL 10 INCH TABLET FOLIO CASE - ROSE NAVY","Multicolour","Not Applicable","Not Applicable","Brand New","Brand New",159
"ACCESSORIZE","UNIVERSAL 10 INCH TABLET FOLIO CASE - ROSE NAVY","Multicolour","Not Applicable","Not Applicable","Brand New","Brand New",160
"ACCESSORIZE","UNIVERSAL 10 INCH TABLET FOLIO CASE - ROSE NAVY","Multicolour","Not Applicable","Not Applicable","Brand New","Brand New",161
"ACCESSORIZE","UNIVERSAL 10 INCH TABLET FOLIO CASE - ROSE NAVY","Multicolour","Not Applicable","Not Applicable","Brand New","Brand New",162
"ACCESSORIZE","UNIVERSAL 10 INCH TABLET FOLIO CASE - ROSE NAVY","Multicolour","Not Applicable","Not Applicable","Brand New","Brand New",163
"ACCESSORIZE","UNIVERSAL 10 INCH TABLET FOLIO CASE - ROSE NAVY","Multicolour","Not Applicable","Not Applicable","Brand New","Brand New",164
"ACCESSORIZE","UNIVERSAL 10 INCH TABLET FOLIO CASE - ROSE NAVY","Multicolour","Not Applicable","Not Applicable","Brand New","Brand New",165
"ACCESSORIZE","UNIVERSAL 10 INCH TABLET FOLIO CASE - ROSE NAVY","Multicolour","Not Applicable","Not Applicable","Brand New","Brand New",166
"ACCESSORIZE","UNIVERSAL 10 INCH TABLET FOLIO CASE - ROSE NAVY","Multicolour","Not Applicable","Not Applicable","Brand New","Brand New",167
"ACCESSORIZE","UNIVERSAL 10 INCH TABLET FOLIO CASE - ROSE NAVY","Multicolour","Not Applicable","Not Applicable","Brand New","Brand New",168
"ACCESSORIZE","UNIVERSAL 10 INCH TABLET FOLIO CASE - ROSE NAVY","Multicolour","Not Applicable","Not Applicable","Brand New","Brand New",169
"ACCESSORIZE","UNIVERSAL 10 INCH TABLET FOLIO CASE - ROSE NAVY","Multicolour","Not Applicable","Not Applicable","Brand New","Brand New",170
"ACCESSORIZE","UNIVERSAL 10 INCH TABLET FOLIO CASE - ROSE NAVY","Multicolour","Not Applicable","Not Applicable","Brand New","Brand New",171
"ACCESSORIZE","UNIVERSAL 10 INCH TABLET FOLIO CASE - ROSE NAVY","Multicolour","Not Applicable","Not Applicable","Brand New","Brand New",172
"ACCESSORIZE","UNIVERSAL 10 INCH TABLET FOLIO CASE - ROSE NAVY","Multicolour","Not Applicable","Not Applicable","Brand New","Brand New",173
"ACCESSORIZE","UNIVERSAL 10 INCH TABLET FOLIO CASE - ROSE NAVY","Multicolour","Not Applicable","Not Applicable","Brand New","Brand New",174
"ACCESSORIZE","UNIVERSAL 10 INCH TABLET FOLIO CASE - ROSE NAVY","Multicolour","Not Applicable","Not Applicable","Brand New","Brand New",175
"ACCESSORIZE","UNIVERSAL 10 INCH TABLET FOLIO CASE - ROSE NAVY","Multicolour","Not Applicable","Not Applicable","Brand New","Brand New",176
"ACCESSORIZE","UNIVERSAL 10 INCH TABLET FOLIO CASE - ROSE NAVY","Multicolour","Not Applicable","Not Applicable","Brand New","Brand New",177
"ACCESSORIZE","UNIVERSAL 10 INCH TABLET FOLIO CASE - ROSE NAVY","Multicolour","Not Applicable","Not Applicable","Brand New","Brand New",178
"ACCESSORIZE","UNIVERSAL 10 INCH TABLET FOLIO CASE - ROSE NAVY","Multicolour","Not Applicable","Not Applicable","Brand New","Brand New",179
"ACCESSORIZE","UNIVERSAL 10 INCH TABLET FOLIO CASE - ROSE NAVY","Multicolour","Not Applicable","Not Applicable","Brand New","Brand New",180
"ACCESSORIZE","UNIVERSAL 10 INCH TABLET FOLIO CASE - ROSE NAVY","Multicolour","Not Applicable","Not Applicable","Brand New","Brand New",181
"ACCESSORIZE","UNIVERSAL 10 INCH TABLET FOLIO CASE - ROSE NAVY","Multicolour","Not Applicable","Not Applicable","Brand New","Brand New",182
"ACCESSORIZE","UNIVERSAL 10 INCH TABLET FOLIO CASE - ROSE NAVY","Multicolour","Not Applicable","Not Applicable","Brand New","Brand New",183
"ACCESSORIZE","UNIVERSAL 10 INCH TABLET FOLIO CASE - ROSE NAVY","Multicolour","Not Applicable","Not Applicable","Brand New","Brand New",184
"ACCESSORIZE","UNIVERSAL 10 INCH TABLET FOLIO CASE - ROSE NAVY","Multicolour","Not Applicable","Not Applicable","Brand New","Brand New",185
"ACCESSORIZE","UNIVERSAL 10 INCH TABLET FOLIO CASE - ROSE NAVY","Multicolour","Not Applicable","Not Applicable","Brand New","Brand New",186
"ACCESSORIZE","UNIVERSAL 10 INCH TABLET FOLIO CASE - ROSE NAVY","Multicolour","Not Applicable","Not Applicable","Brand New","Brand New",187
"ACCESSORIZE","UNIVERSAL 10 INCH TABLET FOLIO CASE - ROSE NAVY","Multicolour","Not Applicable","Not Applicable","Brand New","Brand New",188
"ACCESSORIZE","UNIVERSAL 10 INCH TABLET FOLIO CASE - ROSE NAVY","Multicolour","Not Applicable","Not Applicable","Brand New","Brand New",189
"ACCESSORIZE","UNIVERSAL 10 INCH TABLET FOLIO CASE - ROSE NAVY","Multicolour","Not Applicable","Not Applicable","Brand New","Brand New",190
"ACCESSORIZE","UNIVERSAL 10 INCH TABLET FOLIO CASE - ROSE NAVY","Multicolour","Not Applicable","Not Applicable","Brand New","Brand New",191
"ACCESSORIZE","UNIVERSAL 10 INCH TABLET FOLIO CASE - ROSE NAVY","Multicolour","Not Applicable","Not Applicable","Brand New","Brand New",192
"ACCESSORIZE","UNIVERSAL 10 INCH TABLET FOLIO CASE - ROSE NAVY","Multicolour","Not Applicable","Not Applicable","Brand New","Brand New",193
"ACCESSORIZE","UNIVERSAL 10 INCH TABLET FOLIO CASE - ROSE NAVY","Multicolour","Not Applicable","Not Applicable","Brand New","Brand New",194
"ACCESSORIZE","UNIVERSAL 10 INCH TABLET FOLIO CASE - ROSE NAVY","Multicolour","Not Applicable","Not Applicable","Brand New","Brand New",195
"ACCESSORIZE","UNIVERSAL 10 INCH TABLET FOLIO CASE - ROSE NAVY","Multicolour","Not Applicable","Not Applicable","Brand New","Brand New",196
"ACCESSORIZE","UNIVERSAL 10 INCH TABLET FOLIO CASE - ROSE NAVY","Multicolour","Not Applicable","Not Applicable","Brand New","Brand New",197
"ACCESSORIZE","UNIVERSAL 10 INCH TABLET FOLIO CASE - ROSE NAVY","Multicolour","Not Applicable","Not Applicable","Brand New","Brand New",198
"ACCESSORIZE","UNIVERSAL 10 INCH TABLET FOLIO CASE - ROSE NAVY","Multicolour","Not Applicable","Not Applicable","Brand New","Brand New",199
"ACCESSORIZE","UNIVERSAL 10 INCH TABLET FOLIO CASE - ROSE NAVY","Multicolour","Not Applicable","Not Applicable","Brand New","Brand New",200
"ACCESSORIZE","UNIVERSAL 10 INCH TABLET FOLIO CASE - ROSE NAVY","Multicolour","Not Applicable","Not Applicable","Brand New","Brand New",201
"ACCESSORIZE","UNIVERSAL 10 INCH TABLET FOLIO CASE - ROSE NAVY","Multicolour","Not Applicable","Not Applicable","Brand New","Brand New",202
"ACCESSORIZE","UNIVERSAL 10 INCH TABLET FOLIO CASE - ROSE NAVY","Multicolour","Not Applicable","Not Applicable","Brand New","Brand New",203
"ACCESSORIZE","UNIVERSAL 10 INCH TABLET FOLIO CASE - ROSE NAVY","Multicolour","Not Applicable","Not Applicable","Brand New","Brand New",204
"ACCESSORIZE","UNIVERSAL 10 INCH TABLET FOLIO CASE - ROSE NAVY","Multicolour","Not Applicable","Not Applicable","Brand New","Brand New",205
"ACCESSORIZE","UNIVERSAL 10 INCH TABLET FOLIO CASE - ROSE NAVY","Multicolour","Not Applicable","Not Applicable","Brand New","Brand New",206
"ACCESSORIZE","UNIVERSAL 10 INCH TABLET FOLIO CASE - ROSE NAVY","Multicolour","Not Applicable","Not Applicable","Brand New","Brand New",207
"ACCESSORIZE","UNIVERSAL 10 INCH TABLET FOLIO CASE - ROSE NAVY","Multicolour","Not Applicable","Not Applicable","Brand New","Brand New",208
"ACCESSORIZE","UNIVERSAL 10 INCH TABLET FOLIO CASE - ROSE NAVY","Multicolour","Not Applicable","Not Applicable","Brand New","Brand New",209
"ACCESSORIZE","UNIVERSAL 10 INCH TABLET FOLIO CASE - ROSE NAVY","Multicolour","Not Applicable","Not Applicable","Brand New","Brand New",210
"ACCESSORIZE","UNIVERSAL 10 INCH TABLET FOLIO CASE - ROSE NAVY","Multicolour","Not Applicable","Not Applicable","Brand New","Brand New",211
"ACCESSORIZE","UNIVERSAL 10 INCH TABLET FOLIO CASE - ROSE NAVY","Multicolour","Not Applicable","Not Applicable","Brand New","Brand New",212
"ACCESSORIZE","UNIVERSAL 10 INCH TABLET FOLIO CASE - ROSE NAVY","Multicolour","Not Applicable","Not Applicable","Brand New","Brand New",213
"ACCESSORIZE","UNIVERSAL 10 INCH TABLET FOLIO CASE - ROSE NAVY","Multicolour","Not Applicable","Not Applicable","Brand New","Brand New",214
"ACCESSORIZE","UNIVERSAL 10 INCH TABLET FOLIO CASE - ROSE NAVY","Multicolour","Not Applicable","Not Applicable","Brand New","Brand New",215
"ACCESSORIZE","UNIVERSAL 10 INCH TABLET FOLIO CASE - ROSE NAVY","Multicolour","Not Applicable","Not Applicable","Brand New","Brand New",216
"ACCESSORIZE","UNIVERSAL 10 INCH TABLET FOLIO CASE - ROSE NAVY","Multicolour","Not Applicable","Not Applicable","Brand New","Brand New",217
"ACCESSORIZE","UNIVERSAL 10 INCH TABLET FOLIO CASE - ROSE NAVY","Multicolour","Not Applicable","Not Applicable","Brand New","Brand New",218
"ACCESSORIZE","UNIVERSAL 10 INCH TABLET FOLIO CASE - ROSE NAVY","Multicolour","Not Applicable","Not Applicable","Brand New","Brand New",219
"ACCESSORIZE","UNIVERSAL 10 INCH TABLET FOLIO CASE - ROSE NAVY","Multicolour","Not Applicable","Not Applicable","Brand New","Brand New",220
"ACCESSORIZE","UNIVERSAL 10 INCH TABLET FOLIO CASE - ROSE NAVY","Multicolour","Not Applicable","Not Applicable","Brand New","Brand New",221
"ACCESSORIZE","UNIVERSAL 10 INCH TABLET FOLIO CASE - ROSE NAVY","Multicolour","Not Applicable","Not Applicable","Brand New","Brand New",222
"ACCESSORIZE","UNIVERSAL 10 INCH TABLET FOLIO CASE - ROSE NAVY","Multicolour","Not Applicable","Not Applicable","Brand New","Brand New",223
"ACCESSORIZE","UNIVERSAL 10 INCH TABLET FOLIO CASE - ROSE NAVY","Multicolour","Not Applicable","Not Applicable","Brand New","Brand New",224
"ACCESSORIZE","UNIVERSAL 10 INCH TABLET FOLIO CASE - ROSE NAVY","Multicolour","Not Applicable","Not Applicable","Brand New","Brand New",225
"ACCESSORIZE","UNIVERSAL 10 INCH TABLET FOLIO CASE - ROSE NAVY","Multicolour","Not Applicable","Not Applicable","Brand New","Brand New",226
"ACCESSORIZE","UNIVERSAL 10 INCH TABLET FOLIO CASE - ROSE NAVY","Multicolour","Not Applicable","Not Applicable","Brand New","Brand New",227
"ACCESSORIZE","UNIVERSAL 10 INCH TABLET FOLIO CASE - ROSE NAVY","Multicolour","Not Applicable","Not Applicable","Brand New","Brand New",228
"ACCESSORIZE","UNIVERSAL 10 INCH TABLET FOLIO CASE - ROSE NAVY","Multicolour","Not Applicable","Not Applicable","Brand New","Brand New",229
"ACCESSORIZE","UNIVERSAL 10 INCH TABLET FOLIO CASE - ROSE NAVY","Multicolour","Not Applicable","Not Applicable","Brand New","Brand New",230

